,Bike#,start_ts,end_ts,Latitude,Longitude,Latitude_end,Longitude_end,Start Station,End Station,Start terminal,End terminal
0,N01697,2013-10-13 11:36:00,2013-10-13 12:57:00,44.984891999999995,-93.256551,44.984891999999995,-93.256551,100 Main Street SE,100 Main Street SE,30000,30000.0
1,N01697,2013-10-13 11:13:00,2013-10-13 11:32:00,44.97265,-93.27405,44.984891999999995,-93.256551,11th Street & Marquette,100 Main Street SE,30040,30000.0
2,N01697,2013-08-18 13:42:00,2013-08-18 14:11:00,44.97265,-93.27405,44.984891999999995,-93.256551,11th Street & Marquette,100 Main Street SE,30040,30000.0
3,N01697,2013-07-28 16:47:00,2013-07-28 16:50:00,44.98717,-93.25576,44.984891999999995,-93.256551,University & Bank Street SE,100 Main Street SE,30047,30000.0
4,N01697,2013-06-14 19:10:00,2013-06-14 19:15:00,44.983281,-93.24812,44.984891999999995,-93.256551,6th Ave. SE & University Ave.,100 Main Street SE,30088,30000.0
5,N01697,2013-04-29 19:22:00,2013-04-29 19:23:00,44.95734,-93.22374,44.95734,-93.22374,25th Street & 33rd. Ave. S.,25th Street & 33rd. Ave. S.,30001,30001.0
6,N01697,2013-09-15 17:00:00,2013-09-15 17:24:00,44.94851,-93.2602,44.95734,-93.22374,Midtown Exchange,25th Street & 33rd. Ave. S.,30008,30001.0
7,N01697,2013-10-23 18:18:00,2013-10-23 18:30:00,44.973411,-93.23477199999999,44.95734,-93.22374,Coffman Memorial Union,25th Street & 33rd. Ave. S.,30024,30001.0
8,N01697,2013-04-29 17:57:00,2013-04-29 18:09:00,44.973411,-93.23477199999999,44.95734,-93.22374,Coffman Memorial Union,25th Street & 33rd. Ave. S.,30024,30001.0
9,N01697,2013-06-19 16:02:00,2013-06-19 16:26:00,44.976602,-93.266701,44.95734,-93.22374,Hennepin County Government Center,25th Street & 33rd. Ave. S.,30029,30001.0
10,N01697,2013-09-06 16:55:00,2013-09-06 17:11:00,44.97685,-93.23818,44.95734,-93.22374,Elliot Hall,25th Street & 33rd. Ave. S.,30058,30001.0
11,N01697,2013-06-18 18:36:00,2013-06-18 19:21:00,44.989451,-93.279579,44.95734,-93.22374,Washington Ave N & 9th Ave N,25th Street & 33rd. Ave. S.,30065,30001.0
12,N01697,2013-07-28 13:14:00,2013-07-28 13:29:00,44.93434,-93.229338,44.95734,-93.22374,38th Street Light Rail ,25th Street & 33rd. Ave. S.,30163,30001.0
13,N01697,2013-07-28 13:36:00,2013-07-28 13:39:00,44.962922999999996,-93.241013,44.96622,-93.2384,22nd Ave S & Franklin Ave,Augsburg College,30014,30002.0
14,N01697,2013-05-30 08:44:00,2013-05-30 08:48:00,44.969225,-93.251136,44.96622,-93.2384,Currie Park,Augsburg College,30037,30002.0
15,N01697,2013-07-28 20:34:00,2013-07-28 20:40:00,44.9807,-93.30441,44.991412,-93.306269,Glenwood Ave & N Morgan Ave.,Plymouth Ave N. &  N. Oliver Ave,30059,30003.0
16,N01697,2013-08-19 21:03:00,2013-08-19 21:12:00,44.976602,-93.266701,44.97534,-93.27869,Hennepin County Government Center,11th Street & Hennepin,30029,30004.0
17,N01697,2013-10-16 20:39:00,2013-10-16 20:47:00,44.980926000000004,-93.26285,44.97534,-93.27869,South 2nd Street & 3rd Ave. S,11th Street & Hennepin,30030,30004.0
18,N01697,2013-07-28 14:31:00,2013-07-28 14:32:00,44.977128,-93.277505,44.97534,-93.27869,9th Street N & Hawthorne Ave,11th Street & Hennepin,30142,30004.0
19,N01697,2013-06-18 17:04:00,2013-06-18 17:20:00,44.949699,-93.29312900000001,44.97534,-93.27869,Dupont Ave S & Lake Street,11th Street & Hennepin,30160,30004.0
20,N01697,2013-07-28 16:22:00,2013-07-28 16:45:00,44.99882,-93.25276,44.988890000000005,-93.25392,Logan Park,Hennepin & Central Avenue NE,30104,30005.0
21,N01697,2013-06-23 22:10:00,2013-06-23 22:21:00,44.998613,-93.268633,44.988890000000005,-93.25392,Broadway & Marshall Street NE,Hennepin & Central Avenue NE,30152,30005.0
22,N01697,2013-07-18 09:51:00,2013-07-18 11:05:00,44.972217,-93.27643499999999,44.972217,-93.27643499999999,YWCA Downtown,YWCA Downtown,30006,30006.0
23,N01697,2013-04-27 15:57:00,2013-04-27 15:58:00,44.972217,-93.27643499999999,44.972217,-93.27643499999999,YWCA Downtown,YWCA Downtown,30006,30006.0
24,N01697,2013-08-19 08:54:00,2013-08-19 09:10:00,44.94851,-93.2602,44.972217,-93.27643499999999,Midtown Exchange,YWCA Downtown,30008,30006.0
25,N01697,2013-09-17 20:48:00,2013-09-17 20:55:00,44.97391,-93.28305,44.972217,-93.27643499999999,Hennepin & Laurel Ave.,YWCA Downtown,30010,30006.0
26,N01697,2013-05-19 12:27:00,2013-05-19 12:45:00,44.986087,-93.272459,44.972217,-93.27643499999999,North 2nd Street & 4th Ave. N,YWCA Downtown,30011,30006.0
27,N01697,2013-07-18 08:12:00,2013-07-18 08:24:00,44.960744,-93.28815,44.972217,-93.27643499999999,22nd Street & Lyndale,YWCA Downtown,30017,30006.0
28,N01697,2013-07-13 18:14:00,2013-07-13 18:24:00,44.95548,-93.28775,44.972217,-93.27643499999999,26th Street & Lyndale,YWCA Downtown,30022,30006.0
29,N01697,2013-06-21 12:48:00,2013-06-21 12:54:00,44.976602,-93.266701,44.972217,-93.27643499999999,Hennepin County Government Center,YWCA Downtown,30029,30006.0
30,N01697,2013-06-04 11:59:00,2013-06-04 12:06:00,44.962846,-93.267526,44.972217,-93.27643499999999,Franklin & Portland,YWCA Downtown,30041,30006.0
31,N01697,2013-05-23 11:22:00,2013-05-23 12:29:00,44.94865,-93.30077,44.972217,-93.27643499999999,Lake Street & Humboldt,YWCA Downtown,30043,30006.0
32,N01697,2013-04-27 15:04:00,2013-04-27 15:57:00,44.961459999999995,-93.29303,44.972217,-93.27643499999999,Dupont Ave & 22nd Street,YWCA Downtown,30048,30006.0
33,N01697,2013-04-25 12:47:00,2013-04-25 12:53:00,44.97497,-93.266684,44.972217,-93.27643499999999,7th Street & 4th Ave. S,YWCA Downtown,30051,30006.0
34,N01697,2013-07-28 14:38:00,2013-07-28 14:39:00,44.96995,-93.278133,44.972217,-93.27643499999999,Nicollet Mall and Grant Street,YWCA Downtown,30052,30006.0
35,N01697,2013-07-10 15:42:00,2013-07-10 15:55:00,44.989451,-93.279579,44.972217,-93.27643499999999,Washington Ave N & 9th Ave N,YWCA Downtown,30065,30006.0
36,N01697,2013-06-15 18:24:00,2013-06-15 19:17:00,44.980558,-93.181384,44.972217,-93.27643499999999,U of M St. Paul Campus,YWCA Downtown,30115,30006.0
37,N01697,2013-07-28 14:44:00,2013-07-28 14:46:00,44.975640999999996,-93.272185,44.97265,-93.26872,IDS Center,9th Street & 4th Ave.,30042,30007.0
38,N01697,2013-06-29 18:49:00,2013-06-29 19:08:00,44.956179999999996,-93.27796,44.97265,-93.26872,Nicollet Ave & W 26th Street,9th Street & 4th Ave.,30049,30007.0
39,N01697,2013-09-14 15:49:00,2013-09-14 16:54:00,44.94851,-93.2602,44.94851,-93.2602,Midtown Exchange,Midtown Exchange,30008,30008.0
40,N01697,2013-04-28 12:54:00,2013-04-28 13:05:00,44.94865,-93.30077,44.94851,-93.2602,Lake Street & Humboldt,Midtown Exchange,30043,30008.0
41,N01697,2013-09-15 13:09:00,2013-09-15 13:32:00,44.962726,-93.230776,44.94851,-93.2602,Franklin & 28th Ave,Midtown Exchange,30045,30008.0
42,N01697,2013-08-19 06:13:00,2013-08-19 06:31:00,44.97974,-93.26599,44.94851,-93.2602,3rd Street S & 2nd Ave. S,Midtown Exchange,30050,30008.0
43,N01697,2013-07-28 18:31:00,2013-07-28 18:39:00,44.94823,-93.24054,44.94851,-93.2602,Midtown YWCA,Midtown Exchange,30080,30008.0
44,N01697,2013-06-20 18:15:00,2013-06-20 18:35:00,44.968237,-93.281991,44.94851,-93.2602,West 15th Street & Willow,Midtown Exchange,30093,30008.0
45,N01697,2013-09-01 14:33:00,2013-09-01 14:47:00,44.94478,-93.29038,44.94851,-93.2602,West 32nd Street & Bryant Ave S,Midtown Exchange,30094,30008.0
46,N01697,2013-07-28 16:53:00,2013-07-28 16:58:00,44.983281,-93.24812,44.98102,-93.23746,6th Ave. SE & University Ave.,4th Street & 13th Ave. SE,30088,30009.0
47,N01697,2013-09-17 17:03:00,2013-09-17 17:12:00,44.976602,-93.266701,44.97391,-93.28305,Hennepin County Government Center,Hennepin & Laurel Ave.,30029,30010.0
48,N01697,2013-08-20 17:08:00,2013-08-20 17:18:00,44.980926000000004,-93.26285,44.97391,-93.28305,South 2nd Street & 3rd Ave. S,Hennepin & Laurel Ave.,30030,30010.0
49,N01697,2013-07-28 15:25:00,2013-07-28 15:27:00,44.9715,-93.284927,44.97391,-93.28305,Loring Park,Hennepin & Laurel Ave.,30035,30010.0
50,N01697,2013-08-22 21:11:00,2013-08-22 21:20:00,44.988890000000005,-93.25392,44.986087,-93.272459,Hennepin & Central Avenue NE,North 2nd Street & 4th Ave. N,30005,30011.0
51,N01697,2013-05-06 16:45:00,2013-05-06 17:01:00,44.977406,-93.234911,44.986087,-93.272459,Williamson Hall,North 2nd Street & 4th Ave. N,30025,30011.0
52,N01697,2013-09-04 15:16:00,2013-09-04 15:19:00,44.980199,-93.269217,44.986087,-93.272459,Downtown Library,North 2nd Street & 4th Ave. N,30036,30011.0
53,N01697,2013-05-18 15:20:00,2013-05-18 15:26:00,44.980199,-93.269217,44.986087,-93.272459,Downtown Library,North 2nd Street & 4th Ave. N,30036,30011.0
54,N01697,2013-07-13 23:57:00,2013-07-14 00:11:00,44.975640999999996,-93.272185,44.986087,-93.272459,IDS Center,North 2nd Street & 4th Ave. N,30042,30011.0
55,N01697,2013-07-28 15:42:00,2013-07-28 15:45:00,44.989166,-93.27651,44.986087,-93.272459,2nd Street N & 8th Ave. N,North 2nd Street & 4th Ave. N,30092,30011.0
56,N01697,2013-06-11 18:54:00,2013-06-11 19:05:00,44.98383,-93.27099,44.970040999999995,-93.27586099999999,Washington & 2nd Ave. N,Mpls. Convention Center,30021,30012.0
57,N01697,2013-07-28 14:36:00,2013-07-28 14:37:00,44.97265,-93.27405,44.970040999999995,-93.27586099999999,11th Street & Marquette,Mpls. Convention Center,30040,30012.0
58,N01697,2013-06-29 15:57:00,2013-06-29 16:30:00,44.94885,-93.31759,44.94964,-93.28827,Lake Calhoun Center,Lake Street & Lyndale,30089,30013.0
59,N01697,2013-06-29 14:10:00,2013-06-29 14:20:00,44.93775,-93.29122,44.94964,-93.28827,West 36th Street & Bryant Ave S,Lake Street & Lyndale,30095,30013.0
60,N01697,2013-07-28 18:55:00,2013-07-28 19:01:00,44.948555999999996,-93.283163,44.94964,-93.28827,Pleasant Ave S &  Lake Street,Lake Street & Lyndale,30097,30013.0
61,N01697,2013-07-28 13:33:00,2013-07-28 13:36:00,44.962726,-93.230776,44.962922999999996,-93.241013,Franklin & 28th Ave,22nd Ave S & Franklin Ave,30045,30014.0
62,N01697,2013-10-13 14:08:00,2013-10-13 14:31:00,44.984891999999995,-93.256551,44.973440000000004,-93.24748000000001,100 Main Street SE,Washington & Cedar,30000,30015.0
63,N01697,2013-07-28 13:48:00,2013-07-28 13:51:00,44.969225,-93.251136,44.973440000000004,-93.24748000000001,Currie Park,Washington & Cedar,30037,30015.0
64,N01697,2013-10-31 16:23:00,2013-10-31 16:30:00,44.969108,-93.247057,44.973440000000004,-93.24748000000001,Cedar Ave & 5th Street S,Washington & Cedar,30038,30015.0
65,N01697,2013-09-03 13:00:00,2013-09-03 13:13:00,44.962846,-93.267526,44.973440000000004,-93.24748000000001,Franklin & Portland,Washington & Cedar,30041,30015.0
66,N01697,2013-09-02 12:38:00,2013-09-02 12:50:00,44.962846,-93.267526,44.973440000000004,-93.24748000000001,Franklin & Portland,Washington & Cedar,30041,30015.0
67,N01697,2013-10-23 15:27:00,2013-10-23 15:35:00,44.98717,-93.25576,44.973440000000004,-93.24748000000001,University & Bank Street SE,Washington & Cedar,30047,30015.0
68,N01697,2013-05-24 16:17:00,2013-05-24 16:22:00,44.977521,-93.256736,44.973440000000004,-93.24748000000001,Chicago Ave & Washington Ave S,Washington & Cedar,30143,30015.0
69,N01697,2013-09-19 07:58:00,2013-09-19 08:04:00,44.972217,-93.27643499999999,44.967459999999996,-93.28848,YWCA Downtown,Walker Art Center,30006,30016.0
70,N01697,2013-06-21 13:34:00,2013-06-21 13:59:00,44.972217,-93.27643499999999,44.967459999999996,-93.28848,YWCA Downtown,Walker Art Center,30006,30016.0
71,N01697,2013-05-25 13:11:00,2013-05-25 13:30:00,44.97265,-93.27405,44.967459999999996,-93.28848,11th Street & Marquette,Walker Art Center,30040,30016.0
72,N01697,2013-07-28 20:20:00,2013-07-28 20:24:00,44.961459999999995,-93.29303,44.967459999999996,-93.28848,Dupont Ave & 22nd Street,Walker Art Center,30048,30016.0
73,N01697,2013-07-28 15:11:00,2013-07-28 15:14:00,44.95548,-93.28775,44.960744,-93.28815,26th Street & Lyndale,22nd Street & Lyndale,30022,30017.0
74,N01697,2013-08-28 21:07:00,2013-08-28 21:10:00,44.961459999999995,-93.29303,44.960744,-93.28815,Dupont Ave & 22nd Street,22nd Street & Lyndale,30048,30017.0
75,N01697,2013-06-30 17:39:00,2013-06-30 17:44:00,44.961459999999995,-93.29303,44.960744,-93.28815,Dupont Ave & 22nd Street,22nd Street & Lyndale,30048,30017.0
76,N01697,2013-08-30 21:29:00,2013-08-30 21:33:00,44.96342,-93.277939,44.960744,-93.28815,Nicollet & Franklin,22nd Street & Lyndale,30060,30017.0
77,N01697,2013-07-17 23:54:00,2013-07-18 00:06:00,44.975504,-93.275513,44.960744,-93.28815,LaSalle Ave & 9th Street S,22nd Street & Lyndale,30167,30017.0
78,N01697,2013-07-28 15:01:00,2013-07-28 15:06:00,44.962846,-93.267526,44.957214,-93.27498100000001,Franklin & Portland,MCAD,30041,30018.0
79,N01697,2013-07-28 13:39:00,2013-07-28 13:42:00,44.96622,-93.2384,44.971359,-93.24375400000001,Augsburg College,Social Sciences,30002,30019.0
80,N01697,2013-10-16 16:49:00,2013-10-16 16:52:00,44.969108,-93.247057,44.971359,-93.24375400000001,Cedar Ave & 5th Street S,Social Sciences,30038,30019.0
81,N01697,2013-06-30 18:46:00,2013-06-30 18:54:00,44.959629,-93.294317,44.95131,-93.29853,Emerson Ave. S & 24th Street,YWCA Uptown,30061,30020.0
82,N01697,2013-07-28 20:06:00,2013-07-28 20:12:00,44.94478,-93.29038,44.95131,-93.29853,West 32nd Street & Bryant Ave S,YWCA Uptown,30094,30020.0
83,N01697,2013-07-14 05:58:00,2013-07-14 06:00:00,44.986087,-93.272459,44.98383,-93.27099,North 2nd Street & 4th Ave. N,Washington & 2nd Ave. N,30011,30021.0
84,N01697,2013-07-18 23:04:00,2013-07-18 23:13:00,44.975640999999996,-93.272185,44.98383,-93.27099,IDS Center,Washington & 2nd Ave. N,30042,30021.0
85,N01697,2013-06-11 16:37:00,2013-06-11 16:50:00,44.97654,-93.25535,44.98383,-93.27099,Washington Ave S & 9th Ave S,Washington & 2nd Ave. N,30046,30021.0
86,N01697,2013-07-28 14:18:00,2013-07-28 14:20:00,44.982594299999995,-93.26751390000001,44.98383,-93.27099,Gateway Park,Washington & 2nd Ave. N,30091,30021.0
87,N01697,2013-09-08 13:35:00,2013-09-08 13:59:00,44.95734,-93.22374,44.95548,-93.28775,25th Street & 33rd. Ave. S.,26th Street & Lyndale,30001,30022.0
88,N01697,2013-09-08 19:05:00,2013-09-08 20:05:00,44.95548,-93.28775,44.95548,-93.28775,26th Street & Lyndale,26th Street & Lyndale,30022,30022.0
89,N01697,2013-07-12 23:39:00,2013-07-12 23:49:00,44.94865,-93.30077,44.95548,-93.28775,Lake Street & Humboldt,26th Street & Lyndale,30043,30022.0
90,N01697,2013-08-28 14:49:00,2013-08-28 14:52:00,44.956179999999996,-93.27796,44.95548,-93.28775,Nicollet Ave & W 26th Street,26th Street & Lyndale,30049,30022.0
91,N01697,2013-07-28 15:08:00,2013-07-28 15:11:00,44.956179999999996,-93.27796,44.95548,-93.28775,Nicollet Ave & W 26th Street,26th Street & Lyndale,30049,30022.0
92,N01697,2013-08-25 16:19:00,2013-08-25 17:47:00,44.96342,-93.277939,44.95548,-93.28775,Nicollet & Franklin,26th Street & Lyndale,30060,30022.0
93,N01697,2013-07-28 18:39:00,2013-07-28 18:42:00,44.94851,-93.2602,44.95355,-93.26259,Midtown Exchange,Chicago & 27th Street,30008,30023.0
94,N01697,2013-09-02 23:01:00,2013-09-02 23:07:00,44.962846,-93.267526,44.95355,-93.26259,Franklin & Portland,Chicago & 27th Street,30041,30023.0
95,N01697,2013-10-23 16:53:00,2013-10-23 16:59:00,44.973440000000004,-93.24748000000001,44.973411,-93.23477199999999,Washington & Cedar,Coffman Memorial Union,30015,30024.0
96,N01697,2013-07-28 17:05:00,2013-07-28 17:08:00,44.977406,-93.234911,44.973411,-93.23477199999999,Williamson Hall,Coffman Memorial Union,30025,30024.0
97,N01697,2013-04-29 11:54:00,2013-04-29 12:04:00,44.97003,-93.24519000000001,44.973411,-93.23477199999999,4th Street S & 19th Ave.,Coffman Memorial Union,30027,30024.0
98,N01697,2013-10-28 09:59:00,2013-10-28 10:06:00,44.969108,-93.247057,44.973411,-93.23477199999999,Cedar Ave & 5th Street S,Coffman Memorial Union,30038,30024.0
99,N01697,2013-06-14 04:21:00,2013-06-14 04:38:00,44.981120000000004,-93.26634,44.977406,-93.234911,Washington & Marquette,Williamson Hall,30028,30025.0
100,N01697,2013-05-03 15:22:00,2013-05-03 15:32:00,44.962726,-93.230776,44.977406,-93.234911,Franklin & 28th Ave,Williamson Hall,30045,30025.0
101,N01697,2013-07-28 17:03:00,2013-07-28 17:05:00,44.97685,-93.23818,44.977406,-93.234911,Elliot Hall,Williamson Hall,30058,30025.0
102,N01697,2013-07-28 17:11:00,2013-07-28 17:13:00,44.9743,-93.22854,44.97209,-93.23206,McNamara Center,Mayo Memorial Building,30057,30026.0
103,N01697,2013-07-28 13:42:00,2013-07-28 13:43:00,44.971359,-93.24375400000001,44.97003,-93.24519000000001,Social Sciences,4th Street S & 19th Ave.,30019,30027.0
104,N01697,2013-05-26 11:52:00,2013-05-26 12:21:00,44.975640999999996,-93.272185,44.97003,-93.24519000000001,IDS Center,4th Street S & 19th Ave.,30042,30027.0
105,N01697,2013-04-28 13:30:00,2013-04-28 13:36:00,44.962726,-93.230776,44.97003,-93.24519000000001,Franklin & 28th Ave,4th Street S & 19th Ave.,30045,30027.0
106,N01697,2013-07-28 14:20:00,2013-07-28 14:22:00,44.98383,-93.27099,44.981120000000004,-93.26634,Washington & 2nd Ave. N,Washington & Marquette,30021,30028.0
107,N01697,2013-06-19 08:38:00,2013-06-19 09:02:00,44.95734,-93.22374,44.976602,-93.266701,25th Street & 33rd. Ave. S.,Hennepin County Government Center,30001,30029.0
108,N01697,2013-08-20 08:40:00,2013-08-20 08:59:00,44.97534,-93.27869,44.976602,-93.266701,11th Street & Hennepin,Hennepin County Government Center,30004,30029.0
109,N01697,2013-06-21 08:46:00,2013-06-21 09:01:00,44.94851,-93.2602,44.976602,-93.266701,Midtown Exchange,Hennepin County Government Center,30008,30029.0
110,N01697,2013-10-22 07:35:00,2013-10-22 07:41:00,44.974909999999994,-93.26078000000001,44.976602,-93.266701,Park Ave. S & 5th Street,Hennepin County Government Center,30039,30029.0
111,N01697,2013-09-06 14:35:00,2013-09-06 14:38:00,44.97974,-93.26599,44.976602,-93.266701,3rd Street S & 2nd Ave. S,Hennepin County Government Center,30050,30029.0
112,N01697,2013-07-28 14:04:00,2013-07-28 14:05:00,44.97497,-93.266684,44.976602,-93.266701,7th Street & 4th Ave. S,Hennepin County Government Center,30051,30029.0
113,N01697,2013-08-15 08:12:00,2013-08-15 08:33:00,45.012997999999996,-93.296761,44.976602,-93.266701,North Regional Library,Hennepin County Government Center,30071,30029.0
114,N01697,2013-10-21 10:52:00,2013-10-21 11:01:00,44.983281,-93.24812,44.976602,-93.266701,6th Ave. SE & University Ave.,Hennepin County Government Center,30088,30029.0
115,N01697,2013-08-19 19:28:00,2013-08-19 19:45:00,44.968237,-93.281991,44.976602,-93.266701,West 15th Street & Willow,Hennepin County Government Center,30093,30029.0
116,N01697,2013-06-25 11:23:00,2013-06-25 11:39:00,44.998613,-93.268633,44.976602,-93.266701,Broadway & Marshall Street NE,Hennepin County Government Center,30152,30029.0
117,N01697,2013-10-31 17:16:00,2013-10-31 17:23:00,44.973440000000004,-93.24748000000001,44.980926000000004,-93.26285,Washington & Cedar,South 2nd Street & 3rd Ave. S,30015,30030.0
118,N01697,2013-10-16 16:54:00,2013-10-16 17:07:00,44.971359,-93.24375400000001,44.980926000000004,-93.26285,Social Sciences,South 2nd Street & 3rd Ave. S,30019,30030.0
119,N01697,2013-08-20 16:40:00,2013-08-20 16:43:00,44.976602,-93.266701,44.980926000000004,-93.26285,Hennepin County Government Center,South 2nd Street & 3rd Ave. S,30029,30030.0
120,N01697,2013-07-28 14:06:00,2013-07-28 14:08:00,44.976602,-93.266701,44.980926000000004,-93.26285,Hennepin County Government Center,South 2nd Street & 3rd Ave. S,30029,30030.0
121,N01697,2013-06-23 01:02:00,2013-06-23 01:40:00,44.94865,-93.30077,44.980926000000004,-93.26285,Lake Street & Humboldt,South 2nd Street & 3rd Ave. S,30043,30030.0
122,N01697,2013-07-18 20:18:00,2013-07-18 20:23:00,44.98717,-93.25576,44.980926000000004,-93.26285,University & Bank Street SE,South 2nd Street & 3rd Ave. S,30047,30030.0
123,N01697,2013-07-18 17:31:00,2013-07-18 17:38:00,44.976252,-93.248954,44.980926000000004,-93.26285,13th Ave & West River Parkway,South 2nd Street & 3rd Ave. S,30154,30030.0
124,N01697,2013-07-28 17:19:00,2013-07-28 17:22:00,44.972590000000004,-93.218919,44.974876,-93.22438299999999,27th Ave SE & University Ave.,University Ave. & 23rd Ave. SE,30074,30031.0
125,N01697,2013-07-28 17:22:00,2013-07-28 17:25:00,44.974876,-93.22438299999999,44.97913,-93.23189,University Ave. & 23rd Ave. SE,4th Street & 17th Ave. SE,30031,30032.0
126,N01697,2013-06-04 14:09:00,2013-06-04 14:18:00,44.96342,-93.277939,44.962509999999995,-93.2583,Nicollet & Franklin,Franklin & 11th Ave,30060,30033.0
127,N01697,2013-07-28 14:52:00,2013-07-28 14:56:00,44.970553,-93.26079,44.962509999999995,-93.2583,Elliot Park,Franklin & 11th Ave,30063,30033.0
128,N01697,2013-07-18 23:16:00,2013-07-18 23:30:00,44.98383,-93.27099,44.97202,-93.22697,Washington & 2nd Ave. N,Oak Street Ramp,30021,30034.0
129,N01697,2013-07-28 17:13:00,2013-07-28 17:15:00,44.97209,-93.23206,44.97202,-93.22697,Mayo Memorial Building,Oak Street Ramp,30026,30034.0
130,N01697,2013-06-02 20:41:00,2013-06-02 20:52:00,44.983281,-93.24812,44.97202,-93.22697,6th Ave. SE & University Ave.,Oak Street Ramp,30088,30034.0
131,N01697,2013-06-10 17:30:00,2013-06-10 18:06:00,44.980199,-93.269217,44.9715,-93.284927,Downtown Library,Loring Park,30036,30035.0
132,N01697,2013-07-28 15:23:00,2013-07-28 15:25:00,44.968237,-93.281991,44.9715,-93.284927,West 15th Street & Willow,Loring Park,30093,30035.0
133,N01697,2013-07-18 12:15:00,2013-07-18 12:21:00,44.972217,-93.27643499999999,44.980199,-93.269217,YWCA Downtown,Downtown Library,30006,30036.0
134,N01697,2013-07-28 14:24:00,2013-07-28 14:25:00,44.97974,-93.26599,44.980199,-93.269217,3rd Street S & 2nd Ave. S,Downtown Library,30050,30036.0
135,N01697,2013-05-16 07:26:00,2013-05-16 07:32:00,44.989451,-93.279579,44.980199,-93.269217,Washington Ave N & 9th Ave N,Downtown Library,30065,30036.0
136,N01697,2013-09-04 09:12:00,2013-09-04 09:20:00,44.96954,-93.2669,44.980199,-93.269217,Grant Street & Portland Ave,Downtown Library,30087,30036.0
137,N01697,2013-06-10 14:02:00,2013-06-10 14:06:00,44.978068,-93.26023,44.980199,-93.269217,Portland Ave. & Washington Ave.,Downtown Library,30090,30036.0
138,N01697,2013-05-31 17:19:00,2013-05-31 17:23:00,44.96622,-93.2384,44.969225,-93.251136,Augsburg College,Currie Park,30002,30037.0
139,N01697,2013-05-29 11:48:00,2013-05-29 11:51:00,44.97003,-93.24519000000001,44.969225,-93.251136,4th Street S & 19th Ave.,Currie Park,30027,30037.0
140,N01697,2013-07-28 13:45:00,2013-07-28 13:48:00,44.969108,-93.247057,44.969225,-93.251136,Cedar Ave & 5th Street S,Currie Park,30038,30037.0
141,N01697,2013-10-28 17:23:00,2013-10-28 17:29:00,44.973411,-93.23477199999999,44.969108,-93.247057,Coffman Memorial Union,Cedar Ave & 5th Street S,30024,30038.0
142,N01697,2013-07-28 13:43:00,2013-07-28 13:45:00,44.97003,-93.24519000000001,44.969108,-93.247057,4th Street S & 19th Ave.,Cedar Ave & 5th Street S,30027,30038.0
143,N01697,2013-10-16 16:19:00,2013-10-16 16:29:00,44.9743,-93.22854,44.969108,-93.247057,McNamara Center,Cedar Ave & 5th Street S,30057,30038.0
144,N01697,2013-10-17 10:42:00,2013-10-17 10:51:00,44.97534,-93.27869,44.974909999999994,-93.26078000000001,11th Street & Hennepin,Park Ave. S & 5th Street,30004,30039.0
145,N01697,2013-10-21 16:04:00,2013-10-21 16:08:00,44.976602,-93.266701,44.974909999999994,-93.26078000000001,Hennepin County Government Center,Park Ave. S & 5th Street,30029,30039.0
146,N01697,2013-07-28 14:00:00,2013-07-28 14:01:00,44.978068,-93.26023,44.974909999999994,-93.26078000000001,Portland Ave. & Washington Ave.,Park Ave. S & 5th Street,30090,30039.0
147,N01697,2013-08-18 15:13:00,2013-08-18 15:53:00,44.984891999999995,-93.256551,44.97265,-93.27405,100 Main Street SE,11th Street & Marquette,30000,30040.0
148,N01697,2013-09-03 14:38:00,2013-09-03 14:49:00,44.973440000000004,-93.24748000000001,44.97265,-93.27405,Washington & Cedar,11th Street & Marquette,30015,30040.0
149,N01697,2013-05-25 12:39:00,2013-05-25 13:03:00,44.975640999999996,-93.272185,44.97265,-93.27405,IDS Center,11th Street & Marquette,30042,30040.0
150,N01697,2013-07-10 08:22:00,2013-07-10 08:26:00,44.96954,-93.2669,44.97265,-93.27405,Grant Street & Portland Ave,11th Street & Marquette,30087,30040.0
151,N01697,2013-07-28 14:35:00,2013-07-28 14:36:00,44.975504,-93.275513,44.97265,-93.27405,LaSalle Ave & 9th Street S,11th Street & Marquette,30167,30040.0
152,N01697,2013-09-01 17:42:00,2013-09-01 18:00:00,44.94851,-93.2602,44.962846,-93.267526,Midtown Exchange,Franklin & Portland,30008,30041.0
153,N01697,2013-09-02 13:49:00,2013-09-02 14:02:00,44.973440000000004,-93.24748000000001,44.962846,-93.267526,Washington & Cedar,Franklin & Portland,30015,30041.0
154,N01697,2013-09-02 23:30:00,2013-09-02 23:36:00,44.95355,-93.26259,44.962846,-93.267526,Chicago & 27th Street,Franklin & Portland,30023,30041.0
155,N01697,2013-07-28 14:56:00,2013-07-28 15:01:00,44.962509999999995,-93.2583,44.962846,-93.267526,Franklin & 11th Ave,Franklin & Portland,30033,30041.0
156,N01697,2013-09-01 18:19:00,2013-09-01 18:35:00,44.962846,-93.267526,44.962846,-93.267526,Franklin & Portland,Franklin & Portland,30041,30041.0
157,N01697,2013-06-03 17:40:00,2013-06-03 17:51:00,44.97497,-93.266684,44.962846,-93.267526,7th Street & 4th Ave. S,Franklin & Portland,30051,30041.0
158,N01697,2013-07-28 14:40:00,2013-07-28 14:43:00,44.972217,-93.27643499999999,44.975640999999996,-93.272185,YWCA Downtown,IDS Center,30006,30042.0
159,N01697,2013-07-13 18:40:00,2013-07-13 19:46:00,44.972217,-93.27643499999999,44.975640999999996,-93.272185,YWCA Downtown,IDS Center,30006,30042.0
160,N01697,2013-08-22 08:14:00,2013-08-22 08:18:00,44.97391,-93.28305,44.975640999999996,-93.272185,Hennepin & Laurel Ave.,IDS Center,30010,30042.0
161,N01697,2013-08-23 13:14:00,2013-08-23 13:25:00,44.986087,-93.272459,44.975640999999996,-93.272185,North 2nd Street & 4th Ave. N,IDS Center,30011,30042.0
162,N01697,2013-05-13 10:42:00,2013-05-13 10:47:00,44.986087,-93.272459,44.975640999999996,-93.272185,North 2nd Street & 4th Ave. N,IDS Center,30011,30042.0
163,N01697,2013-05-26 08:46:00,2013-05-26 09:18:00,44.970040999999995,-93.27586099999999,44.975640999999996,-93.272185,Mpls. Convention Center,IDS Center,30012,30042.0
164,N01697,2013-09-19 08:19:00,2013-09-19 08:28:00,44.967459999999996,-93.28848,44.975640999999996,-93.272185,Walker Art Center,IDS Center,30016,30042.0
165,N01697,2013-11-01 08:41:00,2013-11-01 08:48:00,44.980926000000004,-93.26285,44.975640999999996,-93.272185,South 2nd Street & 3rd Ave. S,IDS Center,30030,30042.0
166,N01697,2013-07-18 22:50:00,2013-07-18 23:01:00,44.980926000000004,-93.26285,44.975640999999996,-93.272185,South 2nd Street & 3rd Ave. S,IDS Center,30030,30042.0
167,N01697,2013-05-25 16:26:00,2013-05-25 16:46:00,44.961459999999995,-93.29303,44.975640999999996,-93.272185,Dupont Ave & 22nd Street,IDS Center,30048,30042.0
168,N01697,2013-04-28 07:21:00,2013-04-28 07:25:00,44.96995,-93.278133,44.975640999999996,-93.272185,Nicollet Mall and Grant Street,IDS Center,30052,30042.0
169,N01697,2013-09-20 07:33:00,2013-09-20 07:41:00,44.968237,-93.281991,44.975640999999996,-93.272185,West 15th Street & Willow,IDS Center,30093,30042.0
170,N01697,2013-06-29 16:58:00,2013-06-29 17:04:00,44.94964,-93.28827,44.94865,-93.30077,Lake Street & Lyndale,Lake Street & Humboldt,30013,30043.0
171,N01697,2013-06-22 22:29:00,2013-06-22 22:46:00,44.967459999999996,-93.28848,44.94865,-93.30077,Walker Art Center,Lake Street & Humboldt,30016,30043.0
172,N01697,2013-06-22 22:54:00,2013-06-22 23:48:00,44.94865,-93.30077,44.94865,-93.30077,Lake Street & Humboldt,Lake Street & Humboldt,30043,30043.0
173,N01697,2013-04-28 12:36:00,2013-04-28 12:44:00,44.959629,-93.294317,44.94865,-93.30077,Emerson Ave. S & 24th Street,Lake Street & Humboldt,30061,30043.0
174,N01697,2013-06-30 15:03:00,2013-06-30 15:24:00,44.968237,-93.281991,44.94865,-93.30077,West 15th Street & Willow,Lake Street & Humboldt,30093,30043.0
175,N01697,2013-07-12 20:18:00,2013-07-12 20:25:00,44.94478,-93.29038,44.94865,-93.30077,West 32nd Street & Bryant Ave S,Lake Street & Humboldt,30094,30043.0
176,N01697,2013-07-01 11:03:00,2013-07-01 11:15:00,44.929359999999996,-93.30713,44.94865,-93.30077,Lake Harriet Bandshell,Lake Street & Humboldt,30157,30043.0
177,N01697,2013-07-28 19:06:00,2013-07-28 19:09:00,44.949699,-93.29312900000001,44.94865,-93.30077,Dupont Ave S & Lake Street,Lake Street & Humboldt,30160,30043.0
178,N01697,2013-07-16 08:07:00,2013-07-16 08:20:00,44.937816999999995,-93.320212,44.94865,-93.30077,W 36th Street & W Calhoun Parkway,Lake Street & Humboldt,30166,30043.0
179,N01697,2013-07-28 20:12:00,2013-07-28 20:15:00,44.95131,-93.29853,44.9554734,-93.29714298,YWCA Uptown,26th Street & Hennepin,30020,30044.0
180,N01697,2013-07-14 14:33:00,2013-07-14 14:59:00,44.978068,-93.26023,44.9554734,-93.29714298,Portland Ave. & Washington Ave.,26th Street & Hennepin,30090,30044.0
181,N01697,2013-07-28 13:29:00,2013-07-28 13:33:00,44.95734,-93.22374,44.962726,-93.230776,25th Street & 33rd. Ave. S.,Franklin & 28th Ave,30001,30045.0
182,N01697,2013-04-28 13:05:00,2013-04-28 13:17:00,44.94851,-93.2602,44.962726,-93.230776,Midtown Exchange,Franklin & 28th Ave,30008,30045.0
183,N01697,2013-09-15 12:48:00,2013-09-15 13:08:00,44.948452,-93.20620100000001,44.962726,-93.230776,Lake Street & West River Parkway,Franklin & 28th Ave,30147,30045.0
184,N01697,2013-06-14 21:44:00,2013-06-14 21:51:00,44.984891999999995,-93.256551,44.97654,-93.25535,100 Main Street SE,Washington Ave S & 9th Ave S,30000,30046.0
185,N01697,2013-10-22 17:25:00,2013-10-22 17:32:00,44.976602,-93.266701,44.97654,-93.25535,Hennepin County Government Center,Washington Ave S & 9th Ave S,30029,30046.0
186,N01697,2013-06-25 18:40:00,2013-06-25 18:48:00,44.976602,-93.266701,44.97654,-93.25535,Hennepin County Government Center,Washington Ave S & 9th Ave S,30029,30046.0
187,N01697,2013-07-18 16:09:00,2013-07-18 16:15:00,44.980199,-93.269217,44.97654,-93.25535,Downtown Library,Washington Ave S & 9th Ave S,30036,30046.0
188,N01697,2013-04-25 11:03:00,2013-04-25 11:10:00,44.97497,-93.266684,44.97654,-93.25535,7th Street & 4th Ave. S,Washington Ave S & 9th Ave S,30051,30046.0
189,N01697,2013-07-28 13:54:00,2013-07-28 13:56:00,44.976252,-93.248954,44.97654,-93.25535,13th Ave & West River Parkway,Washington Ave S & 9th Ave S,30154,30046.0
190,N01697,2013-07-28 16:45:00,2013-07-28 16:47:00,44.988890000000005,-93.25392,44.98717,-93.25576,Hennepin & Central Avenue NE,University & Bank Street SE,30005,30047.0
191,N01697,2013-07-18 19:52:00,2013-07-18 19:57:00,44.980926000000004,-93.26285,44.98717,-93.25576,South 2nd Street & 3rd Ave. S,University & Bank Street SE,30030,30047.0
192,N01697,2013-10-22 19:32:00,2013-10-22 19:43:00,44.97654,-93.25535,44.98717,-93.25576,Washington Ave S & 9th Ave S,University & Bank Street SE,30046,30047.0
193,N01697,2013-04-16 21:07:00,2013-04-16 21:14:00,44.97974,-93.26599,44.98717,-93.25576,3rd Street S & 2nd Ave. S,University & Bank Street SE,30050,30047.0
194,N01697,2013-06-02 19:21:00,2013-06-02 19:25:00,44.983281,-93.24812,44.98717,-93.25576,6th Ave. SE & University Ave.,University & Bank Street SE,30088,30047.0
195,N01697,2013-08-28 19:36:00,2013-08-28 19:42:00,44.95548,-93.28775,44.961459999999995,-93.29303,26th Street & Lyndale,Dupont Ave & 22nd Street,30022,30048.0
196,N01697,2013-06-08 17:04:00,2013-06-08 17:19:00,44.962509999999995,-93.2583,44.961459999999995,-93.29303,Franklin & 11th Ave,Dupont Ave & 22nd Street,30033,30048.0
197,N01697,2013-07-28 20:18:00,2013-07-28 20:20:00,44.959629,-93.294317,44.961459999999995,-93.29303,Emerson Ave. S & 24th Street,Dupont Ave & 22nd Street,30061,30048.0
198,N01697,2013-05-25 16:00:00,2013-05-25 16:24:00,44.94885,-93.31759,44.961459999999995,-93.29303,Lake Calhoun Center,Dupont Ave & 22nd Street,30089,30048.0
199,N01697,2013-06-09 21:32:00,2013-06-09 21:54:00,44.9485,-93.30520899999999,44.961459999999995,-93.29303,Lake Street & Knox Ave S,Dupont Ave & 22nd Street,30158,30048.0
200,N01697,2013-07-28 15:06:00,2013-07-28 15:08:00,44.957214,-93.27498100000001,44.956179999999996,-93.27796,MCAD,Nicollet Ave & W 26th Street,30018,30049.0
201,N01697,2013-08-26 20:28:00,2013-08-26 20:33:00,44.95548,-93.28775,44.956179999999996,-93.27796,26th Street & Lyndale,Nicollet Ave & W 26th Street,30022,30049.0
202,N01697,2013-06-29 17:14:00,2013-06-29 17:32:00,44.94865,-93.30077,44.956179999999996,-93.27796,Lake Street & Humboldt,Nicollet Ave & W 26th Street,30043,30049.0
203,N01697,2013-09-05 07:10:00,2013-09-05 07:15:00,44.986087,-93.272459,44.97974,-93.26599,North 2nd Street & 4th Ave. N,3rd Street S & 2nd Ave. S,30011,30050.0
204,N01697,2013-07-28 14:22:00,2013-07-28 14:23:00,44.981120000000004,-93.26634,44.97974,-93.26599,Washington & Marquette,3rd Street S & 2nd Ave. S,30028,30050.0
205,N01697,2013-09-06 14:49:00,2013-09-06 14:51:00,44.976602,-93.266701,44.97974,-93.26599,Hennepin County Government Center,3rd Street S & 2nd Ave. S,30029,30050.0
206,N01697,2013-09-05 12:32:00,2013-09-05 12:50:00,44.97974,-93.26599,44.97974,-93.26599,3rd Street S & 2nd Ave. S,3rd Street S & 2nd Ave. S,30050,30050.0
207,N01697,2013-08-18 21:14:00,2013-08-18 21:17:00,44.97497,-93.266684,44.97974,-93.26599,7th Street & 4th Ave. S,3rd Street S & 2nd Ave. S,30051,30050.0
208,N01697,2013-04-09 08:02:00,2013-04-09 08:08:00,44.984390000000005,-93.277316,44.97974,-93.26599,5th Ave N & 4th Street N,3rd Street S & 2nd Ave. S,30056,30050.0
209,N01697,2013-04-27 15:58:00,2013-04-27 16:02:00,44.972217,-93.27643499999999,44.97497,-93.266684,YWCA Downtown,7th Street & 4th Ave. S,30006,30051.0
210,N01697,2013-07-28 14:01:00,2013-07-28 14:04:00,44.974909999999994,-93.26078000000001,44.97497,-93.266684,Park Ave. S & 5th Street,7th Street & 4th Ave. S,30039,30051.0
211,N01697,2013-08-18 16:34:00,2013-08-18 16:40:00,44.97265,-93.27405,44.97497,-93.266684,11th Street & Marquette,7th Street & 4th Ave. S,30040,30051.0
212,N01697,2013-04-25 12:10:00,2013-04-25 12:16:00,44.97654,-93.25535,44.97497,-93.266684,Washington Ave S & 9th Ave S,7th Street & 4th Ave. S,30046,30051.0
213,N01697,2013-04-17 21:55:00,2013-04-17 22:02:00,44.98717,-93.25576,44.97497,-93.266684,University & Bank Street SE,7th Street & 4th Ave. S,30047,30051.0
214,N01697,2013-06-03 06:57:00,2013-06-03 07:06:00,44.983281,-93.24812,44.97497,-93.266684,6th Ave. SE & University Ave.,7th Street & 4th Ave. S,30088,30051.0
215,N01697,2013-04-26 11:24:00,2013-04-26 11:32:00,44.968237,-93.281991,44.97497,-93.266684,West 15th Street & Willow,7th Street & 4th Ave. S,30093,30051.0
216,N01697,2013-07-28 14:37:00,2013-07-28 14:38:00,44.970040999999995,-93.27586099999999,44.96995,-93.278133,Mpls. Convention Center,Nicollet Mall and Grant Street,30012,30052.0
217,N01697,2013-04-27 22:12:00,2013-04-27 22:19:00,44.97497,-93.266684,44.96995,-93.278133,7th Street & 4th Ave. S,Nicollet Mall and Grant Street,30051,30052.0
218,N01697,2013-06-12 17:38:00,2013-06-12 17:49:00,44.970040999999995,-93.27586099999999,44.980536,-93.275626,Mpls. Convention Center,2nd Ave N & N 6th Street,30012,30053.0
219,N01697,2013-05-10 14:58:00,2013-05-10 15:13:00,44.980536,-93.275626,44.980536,-93.275626,2nd Ave N & N 6th Street,2nd Ave N & N 6th Street,30053,30053.0
220,N01697,2013-07-28 14:26:00,2013-07-28 14:28:00,44.98017,-93.27152,44.980536,-93.275626,Hennepin Ave. & 4th Street,2nd Ave N & N 6th Street,30055,30053.0
221,N01697,2013-05-09 18:01:00,2013-05-09 18:10:00,44.9807,-93.30441,44.980536,-93.275626,Glenwood Ave & N Morgan Ave.,2nd Ave N & N 6th Street,30059,30053.0
222,N01697,2013-07-28 18:43:00,2013-07-28 18:45:00,44.95355,-93.26259,44.954096,-93.26907,Chicago & 27th Street,5th Ave. S & East 27th Street,30023,30054.0
223,N01697,2013-07-02 13:57:00,2013-07-02 14:54:00,44.9485,-93.30520899999999,44.954096,-93.26907,Lake Street & Knox Ave S,5th Ave. S & East 27th Street,30158,30054.0
224,N01697,2013-07-28 14:25:00,2013-07-28 14:26:00,44.980199,-93.269217,44.98017,-93.27152,Downtown Library,Hennepin Ave. & 4th Street,30036,30055.0
225,N01697,2013-05-10 15:44:00,2013-05-10 15:47:00,44.980536,-93.275626,44.984390000000005,-93.277316,2nd Ave N & N 6th Street,5th Ave N & 4th Street N,30053,30056.0
226,N01697,2013-07-28 15:32:00,2013-07-28 15:36:00,44.98052,-93.28542,44.984390000000005,-93.277316,Minneapolis Farmers Market,5th Ave N & 4th Street N,30062,30056.0
227,N01697,2013-07-08 07:15:00,2013-07-08 07:25:00,44.968237,-93.281991,44.984390000000005,-93.277316,West 15th Street & Willow,5th Ave N & 4th Street N,30093,30056.0
228,N01697,2013-05-13 20:37:00,2013-05-13 20:49:00,44.995348,-93.26685400000001,44.984390000000005,-93.277316,Marshall Street NE & 8th Ave. NE,5th Ave N & 4th Street N,30098,30056.0
229,N01697,2013-05-14 18:09:00,2013-05-14 18:15:00,44.977128,-93.277505,44.984390000000005,-93.277316,9th Street N & Hawthorne Ave,5th Ave N & 4th Street N,30142,30056.0
230,N01697,2013-07-28 17:08:00,2013-07-28 17:11:00,44.973411,-93.23477199999999,44.9743,-93.22854,Coffman Memorial Union,McNamara Center,30024,30057.0
231,N01697,2013-10-14 21:07:00,2013-10-14 21:10:00,44.977406,-93.234911,44.9743,-93.22854,Williamson Hall,McNamara Center,30025,30057.0
232,N01697,2013-07-28 16:58:00,2013-07-28 17:03:00,44.98102,-93.23746,44.97685,-93.23818,4th Street & 13th Ave. SE,Elliot Hall,30009,30058.0
233,N01697,2013-09-06 16:34:00,2013-09-06 16:53:00,44.97974,-93.26599,44.97685,-93.23818,3rd Street S & 2nd Ave. S,Elliot Hall,30050,30058.0
234,N01697,2013-07-28 20:25:00,2013-07-28 20:34:00,44.967459999999996,-93.28848,44.9807,-93.30441,Walker Art Center,Glenwood Ave & N Morgan Ave.,30016,30059.0
235,N01697,2013-05-08 06:48:00,2013-05-08 07:06:00,44.983281,-93.24812,44.9807,-93.30441,6th Ave. SE & University Ave.,Glenwood Ave & N Morgan Ave.,30088,30059.0
236,N01697,2013-05-07 06:47:00,2013-05-07 07:04:00,44.983281,-93.24812,44.9807,-93.30441,6th Ave. SE & University Ave.,Glenwood Ave & N Morgan Ave.,30088,30059.0
237,N01697,2013-06-04 14:01:00,2013-06-04 14:09:00,44.972217,-93.27643499999999,44.96342,-93.277939,YWCA Downtown,Nicollet & Franklin,30006,30060.0
238,N01697,2013-08-31 17:03:00,2013-08-31 17:10:00,44.960744,-93.28815,44.96342,-93.277939,22nd Street & Lyndale,Nicollet & Franklin,30017,30060.0
239,N01697,2013-08-29 18:35:00,2013-08-29 18:39:00,44.960744,-93.28815,44.96342,-93.277939,22nd Street & Lyndale,Nicollet & Franklin,30017,30060.0
240,N01697,2013-07-28 15:14:00,2013-07-28 15:19:00,44.960744,-93.28815,44.96342,-93.277939,22nd Street & Lyndale,Nicollet & Franklin,30017,30060.0
241,N01697,2013-08-23 14:42:00,2013-08-23 14:51:00,44.975640999999996,-93.272185,44.96342,-93.277939,IDS Center,Nicollet & Franklin,30042,30060.0
242,N01697,2013-06-14 21:57:00,2013-06-14 22:19:00,44.97654,-93.25535,44.96342,-93.277939,Washington Ave S & 9th Ave S,Nicollet & Franklin,30046,30060.0
243,N01697,2013-08-24 21:32:00,2013-08-24 23:59:00,44.96342,-93.277939,44.96342,-93.277939,Nicollet & Franklin,Nicollet & Franklin,30060,30060.0
244,N01697,2013-08-16 18:25:00,2013-08-16 18:39:00,44.98052,-93.28542,44.96342,-93.277939,Minneapolis Farmers Market,Nicollet & Franklin,30062,30060.0
245,N01697,2013-06-30 18:36:00,2013-06-30 18:44:00,44.960744,-93.28815,44.959629,-93.294317,22nd Street & Lyndale,Emerson Ave. S & 24th Street,30017,30061.0
246,N01697,2013-04-28 11:30:00,2013-04-28 11:55:00,44.975640999999996,-93.272185,44.959629,-93.294317,IDS Center,Emerson Ave. S & 24th Street,30042,30061.0
247,N01697,2013-07-16 20:38:00,2013-07-16 20:48:00,44.94865,-93.30077,44.959629,-93.294317,Lake Street & Humboldt,Emerson Ave. S & 24th Street,30043,30061.0
248,N01697,2013-07-28 20:15:00,2013-07-28 20:18:00,44.9554734,-93.29714298,44.959629,-93.294317,26th Street & Hennepin,Emerson Ave. S & 24th Street,30044,30061.0
249,N01697,2013-07-28 15:27:00,2013-07-28 15:31:00,44.97391,-93.28305,44.98052,-93.28542,Hennepin & Laurel Ave.,Minneapolis Farmers Market,30010,30062.0
250,N01697,2013-08-15 09:28:00,2013-08-15 09:38:00,44.976602,-93.266701,44.98052,-93.28542,Hennepin County Government Center,Minneapolis Farmers Market,30029,30062.0
251,N01697,2013-07-28 14:49:00,2013-07-28 14:52:00,44.96954,-93.2669,44.970553,-93.26079,Grant Street & Portland Ave,Elliot Park,30087,30063.0
252,N01697,2013-07-28 18:45:00,2013-07-28 18:51:00,44.954096,-93.26907,44.9519,-93.27831,5th Ave. S & East 27th Street,28th Street & Nicollet Ave. S,30054,30064.0
253,N01697,2013-06-18 17:33:00,2013-06-18 17:45:00,44.97534,-93.27869,44.989451,-93.279579,11th Street & Hennepin,Washington Ave N & 9th Ave N,30004,30065.0
254,N01697,2013-07-10 10:58:00,2013-07-10 13:54:00,44.97265,-93.27405,44.989451,-93.279579,11th Street & Marquette,Washington Ave N & 9th Ave N,30040,30065.0
255,N01697,2013-07-28 15:36:00,2013-07-28 15:40:00,44.984390000000005,-93.277316,44.989451,-93.279579,5th Ave N & 4th Street N,Washington Ave N & 9th Ave N,30056,30065.0
256,N01697,2013-05-14 22:04:00,2013-05-14 22:07:00,44.984390000000005,-93.277316,44.989451,-93.279579,5th Ave N & 4th Street N,Washington Ave N & 9th Ave N,30056,30065.0
257,N01697,2013-07-28 20:40:00,2013-07-28 20:43:00,44.991412,-93.306269,44.992075,-93.294907,Plymouth Ave N. &  N. Oliver Ave,Plymouth Ave. N & Fremont,30003,30066.0
258,N01697,2013-07-28 20:48:00,2013-07-28 20:51:00,44.99957,-93.297071,44.999340999999994,-93.290941,Girard Ave N & W Broadway Ave,Bryant Ave. N & West Broadway,30068,30067.0
259,N01697,2013-07-28 20:43:00,2013-07-28 20:48:00,44.992075,-93.294907,44.99957,-93.297071,Plymouth Ave. N & Fremont,Girard Ave N & W Broadway Ave,30066,30068.0
260,N01697,2013-07-28 20:58:00,2013-07-28 21:03:00,45.00095,-93.27703699999999,45.005994,-93.287559,Minneapolis Park & Recreation Board,Farview Park,30145,30069.0
261,N01697,2013-07-28 21:03:00,2013-07-28 21:11:00,45.005994,-93.287559,45.002448,-93.30585699999999,Farview Park,West Broadway & Logan Ave N,30069,30070.0
262,N01697,2013-07-28 21:11:00,2013-07-28 21:16:00,45.002448,-93.30585699999999,45.013318,-93.30779799999999,West Broadway & Logan Ave N,Lowry Ave N & Penn Ave,30070,30072.0
263,N01697,2013-07-10 18:04:00,2013-07-10 18:23:00,44.972217,-93.27643499999999,44.941388,-93.29863399999999,YWCA Downtown,West 34th Street  & Hennepin Ave S,30006,30073.0
264,N01697,2013-07-28 19:38:00,2013-07-28 19:56:00,44.929359999999996,-93.30713,44.941388,-93.29863399999999,Lake Harriet Bandshell,West 34th Street  & Hennepin Ave S,30157,30073.0
265,N01697,2013-10-13 17:45:00,2013-10-13 17:57:00,44.973440000000004,-93.24748000000001,44.972590000000004,-93.218919,Washington & Cedar,27th Ave SE & University Ave.,30015,30074.0
266,N01697,2013-07-28 17:16:00,2013-07-28 17:19:00,44.97202,-93.22697,44.972590000000004,-93.218919,Oak Street Ramp,27th Ave SE & University Ave.,30034,30074.0
267,N01697,2013-07-28 18:01:00,2013-07-28 18:05:00,44.963549,-93.19590600000001,44.966159999999995,-93.20525,Carleton Street & University Ave ,Curfew Street & Ellis Ave.,30076,30075.0
268,N01697,2013-07-28 17:48:00,2013-07-28 18:01:00,44.980558,-93.181384,44.963549,-93.19590600000001,U of M St. Paul Campus,Carleton Street & University Ave ,30115,30076.0
269,N01697,2013-07-28 18:28:00,2013-07-28 18:31:00,44.947328999999996,-93.233092,44.94823,-93.24054,27th Ave S & East Lake Street,Midtown YWCA,30161,30080.0
270,N01697,2013-07-28 18:19:00,2013-07-28 18:24:00,44.948452,-93.20620100000001,44.94826,-93.22106,Lake Street & West River Parkway,East Lake Street & 36th Ave S,30147,30081.0
271,N01697,2013-07-28 10:51:00,2013-07-28 10:53:00,44.940218,-93.17022,44.940513,-93.177093,Macalester College,Grand Ave & Fairview Ave,30086,30085.0
272,N01697,2013-07-28 10:45:00,2013-07-28 10:50:00,44.94016,-93.1529,44.940218,-93.17022,Kowalski's Market,Macalester College,30099,30086.0
273,N01697,2013-07-28 14:47:00,2013-07-28 14:49:00,44.97265,-93.26872,44.96954,-93.2669,9th Street & 4th Ave.,Grant Street & Portland Ave,30007,30087.0
274,N01697,2013-09-03 17:54:00,2013-09-03 18:00:00,44.97265,-93.27405,44.96954,-93.2669,11th Street & Marquette,Grant Street & Portland Ave,30040,30087.0
275,N01697,2013-04-26 16:22:00,2013-04-26 16:28:00,44.97497,-93.266684,44.96954,-93.2669,7th Street & 4th Ave. S,Grant Street & Portland Ave,30051,30087.0
276,N01697,2013-07-08 10:38:00,2013-07-08 10:52:00,44.984390000000005,-93.277316,44.96954,-93.2669,5th Ave N & 4th Street N,Grant Street & Portland Ave,30056,30087.0
277,N01697,2013-07-28 16:50:00,2013-07-28 16:53:00,44.984891999999995,-93.256551,44.983281,-93.24812,100 Main Street SE,6th Ave. SE & University Ave.,30000,30088.0
278,N01697,2013-06-14 15:39:00,2013-06-14 15:46:00,44.977406,-93.234911,44.983281,-93.24812,Williamson Hall,6th Ave. SE & University Ave.,30025,30088.0
279,N01697,2013-06-02 21:13:00,2013-06-02 21:27:00,44.97202,-93.22697,44.983281,-93.24812,Oak Street Ramp,6th Ave. SE & University Ave.,30034,30088.0
280,N01697,2013-10-20 02:09:00,2013-10-20 02:16:00,44.974909999999994,-93.26078000000001,44.983281,-93.24812,Park Ave. S & 5th Street,6th Ave. SE & University Ave.,30039,30088.0
281,N01697,2013-06-02 19:31:00,2013-06-02 19:35:00,44.98717,-93.25576,44.983281,-93.24812,University & Bank Street SE,6th Ave. SE & University Ave.,30047,30088.0
282,N01697,2013-05-07 13:55:00,2013-05-07 14:14:00,44.9807,-93.30441,44.983281,-93.24812,Glenwood Ave & N Morgan Ave.,6th Ave. SE & University Ave.,30059,30088.0
283,N01697,2013-05-06 18:40:00,2013-05-06 18:53:00,44.989166,-93.27651,44.983281,-93.24812,2nd Street N & 8th Ave. N,6th Ave. SE & University Ave.,30092,30088.0
284,N01697,2013-06-29 14:56:00,2013-06-29 15:22:00,44.94964,-93.28827,44.94885,-93.31759,Lake Street & Lyndale,Lake Calhoun Center,30013,30089.0
285,N01697,2013-05-20 10:34:00,2013-05-20 11:25:00,44.9554734,-93.29714298,44.94885,-93.31759,26th Street & Hennepin,Lake Calhoun Center,30044,30089.0
286,N01697,2013-05-21 12:59:00,2013-05-21 13:54:00,44.94885,-93.31759,44.94885,-93.31759,Lake Calhoun Center,Lake Calhoun Center,30089,30089.0
287,N01697,2013-07-28 19:14:00,2013-07-28 19:19:00,44.9485,-93.30520899999999,44.94885,-93.31759,Lake Street & Knox Ave S,Lake Calhoun Center,30158,30089.0
288,N01697,2013-05-25 14:59:00,2013-05-25 15:13:00,44.9485,-93.30520899999999,44.94885,-93.31759,Lake Street & Knox Ave S,Lake Calhoun Center,30158,30089.0
289,N01697,2013-06-01 11:22:00,2013-06-01 11:54:00,44.969225,-93.251136,44.978068,-93.26023,Currie Park,Portland Ave. & Washington Ave.,30037,30090.0
290,N01697,2013-07-14 09:04:00,2013-07-14 09:12:00,44.989166,-93.27651,44.978068,-93.26023,2nd Street N & 8th Ave. N,Portland Ave. & Washington Ave.,30092,30090.0
291,N01697,2013-07-28 13:58:00,2013-07-28 13:59:00,44.977521,-93.256736,44.978068,-93.26023,Chicago Ave & Washington Ave S,Portland Ave. & Washington Ave.,30143,30090.0
292,N01697,2013-07-28 14:09:00,2013-07-28 14:18:00,44.980926000000004,-93.26285,44.982594299999995,-93.26751390000001,South 2nd Street & 3rd Ave. S,Gateway Park,30030,30091.0
293,N01697,2013-05-06 18:15:00,2013-05-06 18:17:00,44.986087,-93.272459,44.989166,-93.27651,North 2nd Street & 4th Ave. N,2nd Street N & 8th Ave. N,30011,30092.0
294,N01697,2013-07-14 06:33:00,2013-07-14 06:36:00,44.98383,-93.27099,44.989166,-93.27651,Washington & 2nd Ave. N,2nd Street N & 8th Ave. N,30021,30092.0
295,N01697,2013-05-13 11:49:00,2013-05-13 12:00:00,44.975640999999996,-93.272185,44.989166,-93.27651,IDS Center,2nd Street N & 8th Ave. N,30042,30092.0
296,N01697,2013-07-28 15:40:00,2013-07-28 15:42:00,44.989451,-93.279579,44.989166,-93.27651,Washington Ave N & 9th Ave N,2nd Street N & 8th Ave. N,30065,30092.0
297,N01697,2013-08-19 15:18:00,2013-08-19 15:23:00,44.972217,-93.27643499999999,44.968237,-93.281991,YWCA Downtown,West 15th Street & Willow,30006,30093.0
298,N01697,2013-04-25 17:32:00,2013-04-25 17:35:00,44.972217,-93.27643499999999,44.968237,-93.281991,YWCA Downtown,West 15th Street & Willow,30006,30093.0
299,N01697,2013-06-30 14:46:00,2013-06-30 14:57:00,44.97265,-93.26872,44.968237,-93.281991,9th Street & 4th Ave.,West 15th Street & Willow,30007,30093.0
300,N01697,2013-06-20 17:22:00,2013-06-20 17:36:00,44.94964,-93.28827,44.968237,-93.281991,Lake Street & Lyndale,West 15th Street & Willow,30013,30093.0
301,N01697,2013-06-25 16:22:00,2013-06-25 16:32:00,44.976602,-93.266701,44.968237,-93.281991,Hennepin County Government Center,West 15th Street & Willow,30029,30093.0
302,N01697,2013-07-07 16:20:00,2013-07-07 16:33:00,44.954096,-93.26907,44.968237,-93.281991,5th Ave. S & East 27th Street,West 15th Street & Willow,30054,30093.0
303,N01697,2013-07-28 15:19:00,2013-07-28 15:23:00,44.96342,-93.277939,44.968237,-93.281991,Nicollet & Franklin,West 15th Street & Willow,30060,30093.0
304,N01697,2013-08-31 18:06:00,2013-08-31 19:10:00,44.96342,-93.277939,44.94478,-93.29038,Nicollet & Franklin,West 32nd Street & Bryant Ave S,30060,30094.0
305,N01697,2013-07-11 15:41:00,2013-07-11 15:46:00,44.941388,-93.29863399999999,44.94478,-93.29038,West 34th Street  & Hennepin Ave S,West 32nd Street & Bryant Ave S,30073,30094.0
306,N01697,2013-09-01 14:22:00,2013-09-01 14:32:00,44.94478,-93.29038,44.94478,-93.29038,West 32nd Street & Bryant Ave S,West 32nd Street & Bryant Ave S,30094,30094.0
307,N01697,2013-07-28 20:01:00,2013-07-28 20:05:00,44.93775,-93.29122,44.94478,-93.29038,West 36th Street & Bryant Ave S,West 32nd Street & Bryant Ave S,30095,30094.0
308,N01697,2013-09-13 17:28:00,2013-09-13 17:44:00,44.95548,-93.28775,44.93775,-93.29122,26th Street & Lyndale,West 36th Street & Bryant Ave S,30022,30095.0
309,N01697,2013-06-27 13:08:00,2013-06-27 13:54:00,44.97654,-93.25535,44.93775,-93.29122,Washington Ave S & 9th Ave S,West 36th Street & Bryant Ave S,30046,30095.0
310,N01697,2013-07-28 19:56:00,2013-07-28 20:01:00,44.941388,-93.29863399999999,44.93775,-93.29122,West 34th Street  & Hennepin Ave S,West 36th Street & Bryant Ave S,30073,30095.0
311,N01697,2013-06-29 10:41:00,2013-06-29 13:17:00,44.93775,-93.29122,44.93775,-93.29122,West 36th Street & Bryant Ave S,West 36th Street & Bryant Ave S,30095,30095.0
312,N01697,2013-05-24 17:17:00,2013-05-24 17:34:00,44.973440000000004,-93.24748000000001,44.999894,-93.26295999999999,Washington & Cedar,University Ave. NE & 12th Ave. NE,30015,30096.0
313,N01697,2013-07-28 15:56:00,2013-07-28 15:58:00,44.998613,-93.268633,44.999894,-93.26295999999999,Broadway & Marshall Street NE,University Ave. NE & 12th Ave. NE,30152,30096.0
314,N01697,2013-07-28 18:51:00,2013-07-28 18:55:00,44.9519,-93.27831,44.948555999999996,-93.283163,28th Street & Nicollet Ave. S,Pleasant Ave S &  Lake Street,30064,30097.0
315,N01697,2013-05-12 16:21:00,2013-05-12 16:34:00,44.982594299999995,-93.26751390000001,44.995348,-93.26685400000001,Gateway Park,Marshall Street NE & 8th Ave. NE,30091,30098.0
316,N01697,2013-05-13 19:08:00,2013-05-13 19:15:00,44.989166,-93.27651,44.995348,-93.26685400000001,2nd Street N & 8th Ave. N,Marshall Street NE & 8th Ave. NE,30092,30098.0
317,N01697,2013-05-12 17:06:00,2013-05-12 17:26:00,44.995348,-93.26685400000001,44.995348,-93.26685400000001,Marshall Street NE & 8th Ave. NE,Marshall Street NE & 8th Ave. NE,30098,30098.0
318,N01697,2013-07-28 15:51:00,2013-07-28 15:54:00,44.992540000000005,-93.270256,44.995348,-93.26685400000001,Boom Island Park,Marshall Street NE & 8th Ave. NE,30151,30098.0
319,N01697,2013-07-28 10:43:00,2013-07-28 10:45:00,44.940127000000004,-93.146957,44.94016,-93.1529,Grand Ave & Lexington Parkway,Kowalski's Market,30100,30099.0
320,N01697,2013-07-28 10:38:00,2013-07-28 10:43:00,44.941599,-93.138832,44.940127000000004,-93.146957,N Milton Street & Summit Ave,Grand Ave & Lexington Parkway,30101,30100.0
321,N01697,2013-07-28 10:33:00,2013-07-28 10:38:00,44.939778999999994,-93.126261,44.941599,-93.138832,Dale Street & Grand Ave.,N Milton Street & Summit Ave,30106,30101.0
322,N01697,2013-07-28 10:53:00,2013-07-28 11:00:00,44.940513,-93.177093,44.926969,-93.182263,Grand Ave & Fairview Ave,St. Catherine University,30085,30102.0
323,N01697,2013-07-28 10:27:00,2013-07-28 10:30:00,44.9467,-93.1151,44.945736,-93.12661,Selby Ave & Virginia Street,Hague Ave & Dale Street,30137,30103.0
324,N01697,2013-11-01 15:23:00,2013-11-01 15:40:00,44.975640999999996,-93.272185,44.99882,-93.25276,IDS Center,Logan Park,30042,30104.0
325,N01697,2013-07-28 16:15:00,2013-07-28 16:21:00,45.00994,-93.247114,44.99882,-93.25276,Central Ave. NE & 22nd Ave NE,Logan Park,30112,30104.0
326,N01697,2013-08-03 20:11:00,2013-08-03 20:37:00,45.033069,-93.29065,44.99882,-93.25276,Webber Park,Logan Park,30146,30104.0
327,N01697,2013-07-28 10:31:00,2013-07-28 10:33:00,44.945736,-93.12661,44.939778999999994,-93.126261,Hague Ave & Dale Street,Dale Street & Grand Ave.,30103,30106.0
328,N01697,2013-07-20 09:26:00,2013-07-20 09:58:00,44.940288,-93.197997,44.939778999999994,-93.126261,Mississippi River Blvd & Summit Ave,Dale Street & Grand Ave.,30162,30106.0
329,N01697,2013-07-28 17:36:00,2013-07-28 17:42:00,44.987934,-93.21289200000001,44.981343,-93.193977,Como Ave. SE & 29th Ave. SE,Carter Ave & Como Ave,30109,30108.0
330,N01697,2013-07-28 17:30:00,2013-07-28 17:36:00,44.987517,-93.230469,44.987934,-93.21289200000001,15th Ave. SE & Como Ave. SE,Como Ave. SE & 29th Ave. SE,30110,30109.0
331,N01697,2013-07-28 17:25:00,2013-07-28 17:30:00,44.97913,-93.23189,44.987517,-93.230469,4th Street & 17th Ave. SE,15th Ave. SE & Como Ave. SE,30032,30110.0
332,N01697,2013-07-28 16:05:00,2013-07-28 16:15:00,45.006229,-93.271571,45.00994,-93.247114,Marshall Street NE & 18th Ave NE,Central Ave. NE & 22nd Ave NE,30169,30112.0
333,N01697,2013-07-28 17:42:00,2013-07-28 17:46:00,44.981343,-93.193977,44.984527,-93.185029,Carter Ave & Como Ave,U of M St. Paul Student Center,30108,30113.0
334,N01697,2013-06-15 12:10:00,2013-06-15 13:11:00,44.972217,-93.27643499999999,44.980558,-93.181384,YWCA Downtown,U of M St. Paul Campus,30006,30115.0
335,N01697,2013-07-28 17:46:00,2013-07-28 17:48:00,44.984527,-93.185029,44.980558,-93.181384,U of M St. Paul Student Center,U of M St. Paul Campus,30113,30115.0
336,N01697,2013-07-28 10:18:00,2013-07-28 10:21:00,44.945173,-93.103863,44.949053,-93.10673,Kellogg Blvd W & Smith Ave,Minnesota History Center,30124,30116.0
337,N01697,2013-07-28 10:22:00,2013-07-28 10:24:00,44.949053,-93.10673,44.948316999999996,-93.11054399999999,Minnesota History Center,Saint Paul College,30116,30122.0
338,N01697,2013-07-28 10:15:00,2013-07-28 10:18:00,44.94144,-93.10624,44.945173,-93.103863,7th Street W & Grand Ave,Kellogg Blvd W & Smith Ave,30135,30124.0
339,N01697,2013-07-28 10:03:00,2013-07-28 10:05:00,44.943846,-93.09227,44.945267,-93.096114,Kellogg Blvd & Wabasha Street,Landmark Plaza,30132,30127.0
340,N01697,2013-07-25 10:14:00,2013-07-25 11:47:00,44.943846,-93.09227,44.943846,-93.09227,Kellogg Blvd & Wabasha Street,Kellogg Blvd & Wabasha Street,30132,30132.0
341,N01697,2013-07-24 18:50:00,2013-07-24 18:59:00,44.94144,-93.10624,44.943846,-93.09227,7th Street W & Grand Ave,Kellogg Blvd & Wabasha Street,30135,30132.0
342,N01697,2013-07-28 10:08:00,2013-07-28 10:10:00,44.942846,-93.097836,44.940902,-93.098712,Science Museum of Minnesota,Upper Landing,30136,30134.0
343,N01697,2013-07-28 10:11:00,2013-07-28 10:15:00,44.940902,-93.098712,44.94144,-93.10624,Upper Landing,7th Street W & Grand Ave,30134,30135.0
344,N01697,2013-07-20 16:35:00,2013-07-20 17:02:00,44.940288,-93.197997,44.94144,-93.10624,Mississippi River Blvd & Summit Ave,7th Street W & Grand Ave,30162,30135.0
345,N01697,2013-07-28 10:05:00,2013-07-28 10:07:00,44.945267,-93.096114,44.942846,-93.097836,Landmark Plaza,Science Museum of Minnesota,30127,30136.0
346,N01697,2013-07-28 10:24:00,2013-07-28 10:27:00,44.948316999999996,-93.11054399999999,44.9467,-93.1151,Saint Paul College,Selby Ave & Virginia Street,30122,30137.0
347,N01697,2013-07-28 14:29:00,2013-07-28 14:31:00,44.980536,-93.275626,44.977128,-93.277505,2nd Ave N & N 6th Street,9th Street N & Hawthorne Ave,30053,30142.0
348,N01697,2013-05-14 06:52:00,2013-05-14 06:58:00,44.984390000000005,-93.277316,44.977128,-93.277505,5th Ave N & 4th Street N,9th Street N & Hawthorne Ave,30056,30142.0
349,N01697,2013-06-23 12:00:00,2013-06-23 12:26:00,44.980926000000004,-93.26285,44.977521,-93.256736,South 2nd Street & 3rd Ave. S,Chicago Ave & Washington Ave S,30030,30143.0
350,N01697,2013-05-24 15:22:00,2013-05-24 15:25:00,44.980926000000004,-93.26285,44.977521,-93.256736,South 2nd Street & 3rd Ave. S,Chicago Ave & Washington Ave S,30030,30143.0
351,N01697,2013-07-28 13:56:00,2013-07-28 13:58:00,44.97654,-93.25535,44.977521,-93.256736,Washington Ave S & 9th Ave S,Chicago Ave & Washington Ave S,30046,30143.0
352,N01697,2013-07-28 15:45:00,2013-07-28 15:46:00,44.986087,-93.272459,44.988461,-93.269087,North 2nd Street & 4th Ave. N,N 4th Ave & W River Parkway,30011,30144.0
353,N01697,2013-06-23 15:20:00,2013-06-23 15:30:00,44.977521,-93.256736,44.988461,-93.269087,Chicago Ave & Washington Ave S,N 4th Ave & W River Parkway,30143,30144.0
354,N01697,2013-07-28 20:51:00,2013-07-28 20:57:00,44.999340999999994,-93.290941,45.00095,-93.27703699999999,Bryant Ave. N & West Broadway,Minneapolis Park & Recreation Board,30067,30145.0
355,N01697,2013-07-28 18:06:00,2013-07-28 18:19:00,44.966159999999995,-93.20525,44.948452,-93.20620100000001,Curfew Street & Ellis Ave.,Lake Street & West River Parkway,30075,30147.0
356,N01697,2013-09-15 12:22:00,2013-09-15 12:47:00,44.916906,-93.213587,44.948452,-93.20620100000001,Minnehaha Park,Lake Street & West River Parkway,30149,30147.0
357,N01697,2013-07-28 11:42:00,2013-07-28 11:45:00,44.916906,-93.213587,44.920466,-93.21953,Minnehaha Park,46th Street Light Rail ,30149,30148.0
358,N01697,2013-07-28 11:35:00,2013-07-28 11:42:00,44.905043,-93.19828299999999,44.916906,-93.213587,Coldwater Spring,Minnehaha Park,30153,30149.0
359,N01697,2013-09-15 10:46:00,2013-09-15 11:13:00,44.947328999999996,-93.233092,44.916906,-93.213587,27th Ave S & East Lake Street,Minnehaha Park,30161,30149.0
360,N01697,2013-07-28 11:04:00,2013-07-28 11:19:00,44.919593,-93.187264,44.894044,-93.187381,Cleveland Ave S & Highland Parkway,Fort Snelling Visitor Center,30164,30150.0
361,N01697,2013-07-28 15:46:00,2013-07-28 15:51:00,44.988461,-93.269087,44.992540000000005,-93.270256,N 4th Ave & W River Parkway,Boom Island Park,30144,30151.0
362,N01697,2013-07-28 15:54:00,2013-07-28 15:55:00,44.995348,-93.26685400000001,44.998613,-93.268633,Marshall Street NE & 8th Ave. NE,Broadway & Marshall Street NE,30098,30152.0
363,N01697,2013-06-23 19:36:00,2013-06-23 19:56:00,44.988461,-93.269087,44.998613,-93.268633,N 4th Ave & W River Parkway,Broadway & Marshall Street NE,30144,30152.0
364,N01697,2013-06-24 02:17:00,2013-06-24 02:44:00,45.006229,-93.271571,44.998613,-93.268633,Marshall Street NE & 18th Ave NE,Broadway & Marshall Street NE,30169,30152.0
365,N01697,2013-07-28 11:24:00,2013-07-28 11:35:00,44.890527,-93.18236999999999,44.905043,-93.19828299999999,Fort Snelling State Park,Coldwater Spring,30159,30153.0
366,N01697,2013-07-28 13:51:00,2013-07-28 13:53:00,44.973440000000004,-93.24748000000001,44.976252,-93.248954,Washington & Cedar,13th Ave & West River Parkway,30015,30154.0
367,N01697,2013-07-18 16:54:00,2013-07-18 16:57:00,44.97654,-93.25535,44.976252,-93.248954,Washington Ave S & 9th Ave S,13th Ave & West River Parkway,30046,30154.0
368,N01697,2013-07-28 11:46:00,2013-07-28 11:54:00,44.920466,-93.21953,44.915957,-93.242761,46th Street Light Rail ,Lake Nokomis,30148,30156.0
369,N01697,2013-07-01 08:40:00,2013-07-01 08:58:00,44.94865,-93.30077,44.929359999999996,-93.30713,Lake Street & Humboldt,Lake Harriet Bandshell,30043,30157.0
370,N01697,2013-07-15 13:08:00,2013-07-15 13:36:00,44.9485,-93.30520899999999,44.929359999999996,-93.30713,Lake Street & Knox Ave S,Lake Harriet Bandshell,30158,30157.0
371,N01697,2013-07-28 19:33:00,2013-07-28 19:38:00,44.92515,-93.31459699999999,44.929359999999996,-93.30713,Upton Ave S & Sheridan Ave S,Lake Harriet Bandshell,30165,30157.0
372,N01697,2013-09-29 18:13:00,2013-09-29 18:42:00,44.94851,-93.2602,44.9485,-93.30520899999999,Midtown Exchange,Lake Street & Knox Ave S,30008,30158.0
373,N01697,2013-07-28 19:10:00,2013-07-28 19:14:00,44.94865,-93.30077,44.9485,-93.30520899999999,Lake Street & Humboldt,Lake Street & Knox Ave S,30043,30158.0
374,N01697,2013-07-01 16:15:00,2013-07-01 16:20:00,44.94865,-93.30077,44.9485,-93.30520899999999,Lake Street & Humboldt,Lake Street & Knox Ave S,30043,30158.0
375,N01697,2013-07-14 14:59:00,2013-07-14 15:23:00,44.9554734,-93.29714298,44.9485,-93.30520899999999,26th Street & Hennepin,Lake Street & Knox Ave S,30044,30158.0
376,N01697,2013-06-08 17:19:00,2013-06-08 17:32:00,44.961459999999995,-93.29303,44.9485,-93.30520899999999,Dupont Ave & 22nd Street,Lake Street & Knox Ave S,30048,30158.0
377,N01697,2013-07-15 15:43:00,2013-07-15 16:06:00,44.929359999999996,-93.30713,44.9485,-93.30520899999999,Lake Harriet Bandshell,Lake Street & Knox Ave S,30157,30158.0
378,N01697,2013-07-16 06:36:00,2013-07-16 07:23:00,44.9485,-93.30520899999999,44.9485,-93.30520899999999,Lake Street & Knox Ave S,Lake Street & Knox Ave S,30158,30158.0
379,N01697,2013-07-15 21:19:00,2013-07-15 21:50:00,44.9485,-93.30520899999999,44.9485,-93.30520899999999,Lake Street & Knox Ave S,Lake Street & Knox Ave S,30158,30158.0
380,N01697,2013-07-14 15:24:00,2013-07-14 16:23:00,44.9485,-93.30520899999999,44.9485,-93.30520899999999,Lake Street & Knox Ave S,Lake Street & Knox Ave S,30158,30158.0
381,N01697,2013-06-08 17:49:00,2013-06-08 19:25:00,44.9485,-93.30520899999999,44.9485,-93.30520899999999,Lake Street & Knox Ave S,Lake Street & Knox Ave S,30158,30158.0
382,N01697,2013-10-12 11:08:00,2013-10-12 11:18:00,44.937816999999995,-93.320212,44.9485,-93.30520899999999,W 36th Street & W Calhoun Parkway,Lake Street & Knox Ave S,30166,30158.0
383,N01697,2013-10-12 10:09:00,2013-10-12 10:20:00,44.937816999999995,-93.320212,44.9485,-93.30520899999999,W 36th Street & W Calhoun Parkway,Lake Street & Knox Ave S,30166,30158.0
384,N01697,2013-10-10 11:29:00,2013-10-10 11:39:00,44.937816999999995,-93.320212,44.9485,-93.30520899999999,W 36th Street & W Calhoun Parkway,Lake Street & Knox Ave S,30166,30158.0
385,N01697,2013-10-09 10:58:00,2013-10-09 11:09:00,44.937816999999995,-93.320212,44.9485,-93.30520899999999,W 36th Street & W Calhoun Parkway,Lake Street & Knox Ave S,30166,30158.0
386,N01697,2013-10-08 15:41:00,2013-10-08 15:52:00,44.937816999999995,-93.320212,44.9485,-93.30520899999999,W 36th Street & W Calhoun Parkway,Lake Street & Knox Ave S,30166,30158.0
387,N01697,2013-10-08 11:08:00,2013-10-08 11:19:00,44.937816999999995,-93.320212,44.9485,-93.30520899999999,W 36th Street & W Calhoun Parkway,Lake Street & Knox Ave S,30166,30158.0
388,N01697,2013-10-08 10:03:00,2013-10-08 10:15:00,44.937816999999995,-93.320212,44.9485,-93.30520899999999,W 36th Street & W Calhoun Parkway,Lake Street & Knox Ave S,30166,30158.0
389,N01697,2013-10-07 15:17:00,2013-10-07 15:27:00,44.937816999999995,-93.320212,44.9485,-93.30520899999999,W 36th Street & W Calhoun Parkway,Lake Street & Knox Ave S,30166,30158.0
390,N01697,2013-10-06 10:26:00,2013-10-06 10:36:00,44.937816999999995,-93.320212,44.9485,-93.30520899999999,W 36th Street & W Calhoun Parkway,Lake Street & Knox Ave S,30166,30158.0
391,N01697,2013-10-05 13:19:00,2013-10-05 13:30:00,44.937816999999995,-93.320212,44.9485,-93.30520899999999,W 36th Street & W Calhoun Parkway,Lake Street & Knox Ave S,30166,30158.0
392,N01697,2013-10-04 13:13:00,2013-10-04 13:24:00,44.937816999999995,-93.320212,44.9485,-93.30520899999999,W 36th Street & W Calhoun Parkway,Lake Street & Knox Ave S,30166,30158.0
393,N01697,2013-10-03 13:16:00,2013-10-03 13:27:00,44.937816999999995,-93.320212,44.9485,-93.30520899999999,W 36th Street & W Calhoun Parkway,Lake Street & Knox Ave S,30166,30158.0
394,N01697,2013-10-03 09:54:00,2013-10-03 10:05:00,44.937816999999995,-93.320212,44.9485,-93.30520899999999,W 36th Street & W Calhoun Parkway,Lake Street & Knox Ave S,30166,30158.0
395,N01697,2013-10-03 08:47:00,2013-10-03 08:59:00,44.937816999999995,-93.320212,44.9485,-93.30520899999999,W 36th Street & W Calhoun Parkway,Lake Street & Knox Ave S,30166,30158.0
396,N01697,2013-10-02 11:26:00,2013-10-02 11:41:00,44.937816999999995,-93.320212,44.9485,-93.30520899999999,W 36th Street & W Calhoun Parkway,Lake Street & Knox Ave S,30166,30158.0
397,N01697,2013-09-30 13:27:00,2013-09-30 13:39:00,44.937816999999995,-93.320212,44.9485,-93.30520899999999,W 36th Street & W Calhoun Parkway,Lake Street & Knox Ave S,30166,30158.0
398,N01697,2013-09-30 12:59:00,2013-09-30 13:09:00,44.937816999999995,-93.320212,44.9485,-93.30520899999999,W 36th Street & W Calhoun Parkway,Lake Street & Knox Ave S,30166,30158.0
399,N01697,2013-09-30 10:42:00,2013-09-30 10:56:00,44.937816999999995,-93.320212,44.9485,-93.30520899999999,W 36th Street & W Calhoun Parkway,Lake Street & Knox Ave S,30166,30158.0
400,N01697,2013-05-25 14:29:00,2013-05-25 14:48:00,44.937816999999995,-93.320212,44.9485,-93.30520899999999,W 36th Street & W Calhoun Parkway,Lake Street & Knox Ave S,30166,30158.0
401,N01697,2013-07-28 11:19:00,2013-07-28 11:24:00,44.894044,-93.187381,44.890527,-93.18236999999999,Fort Snelling Visitor Center,Fort Snelling State Park,30150,30159.0
402,N01697,2013-06-16 01:03:00,2013-06-16 01:22:00,44.972217,-93.27643499999999,44.949699,-93.29312900000001,YWCA Downtown,Dupont Ave S & Lake Street,30006,30160.0
403,N01697,2013-07-28 19:01:00,2013-07-28 19:06:00,44.94964,-93.28827,44.949699,-93.29312900000001,Lake Street & Lyndale,Dupont Ave S & Lake Street,30013,30160.0
404,N01697,2013-06-16 16:47:00,2013-06-16 17:37:00,44.949699,-93.29312900000001,44.949699,-93.29312900000001,Dupont Ave S & Lake Street,Dupont Ave S & Lake Street,30160,30160.0
405,N01697,2013-09-15 10:22:00,2013-09-15 10:45:00,44.94851,-93.2602,44.947328999999996,-93.233092,Midtown Exchange,27th Ave S & East Lake Street,30008,30161.0
406,N01697,2013-07-28 18:24:00,2013-07-28 18:28:00,44.94826,-93.22106,44.947328999999996,-93.233092,East Lake Street & 36th Ave S,27th Ave S & East Lake Street,30081,30161.0
407,N01697,2013-07-19 17:56:00,2013-07-19 18:18:00,44.97202,-93.22697,44.940288,-93.197997,Oak Street Ramp,Mississippi River Blvd & Summit Ave,30034,30162.0
408,N01697,2013-07-20 16:19:00,2013-07-20 16:34:00,44.919593,-93.187264,44.940288,-93.197997,Cleveland Ave S & Highland Parkway,Mississippi River Blvd & Summit Ave,30164,30162.0
409,N01697,2013-07-28 11:54:00,2013-07-28 12:05:00,44.915957,-93.242761,44.93434,-93.229338,Lake Nokomis,38th Street Light Rail ,30156,30163.0
410,N01697,2013-07-28 11:00:00,2013-07-28 11:04:00,44.926969,-93.182263,44.919593,-93.187264,St. Catherine University,Cleveland Ave S & Highland Parkway,30102,30164.0
411,N01697,2013-07-20 15:18:00,2013-07-20 15:45:00,44.939778999999994,-93.126261,44.919593,-93.187264,Dale Street & Grand Ave.,Cleveland Ave S & Highland Parkway,30106,30164.0
412,N01697,2013-07-28 19:25:00,2013-07-28 19:33:00,44.937816999999995,-93.320212,44.92515,-93.31459699999999,W 36th Street & W Calhoun Parkway,Upton Ave S & Sheridan Ave S,30166,30165.0
413,N01697,2013-05-25 13:31:00,2013-05-25 14:28:00,44.967459999999996,-93.28848,44.937816999999995,-93.320212,Walker Art Center,W 36th Street & W Calhoun Parkway,30016,30166.0
414,N01697,2013-07-28 19:20:00,2013-07-28 19:24:00,44.94885,-93.31759,44.937816999999995,-93.320212,Lake Calhoun Center,W 36th Street & W Calhoun Parkway,30089,30166.0
415,N01697,2013-09-13 17:52:00,2013-09-13 18:03:00,44.93775,-93.29122,44.937816999999995,-93.320212,West 36th Street & Bryant Ave S,W 36th Street & W Calhoun Parkway,30095,30166.0
416,N01697,2013-10-12 10:54:00,2013-10-12 11:08:00,44.9485,-93.30520899999999,44.937816999999995,-93.320212,Lake Street & Knox Ave S,W 36th Street & W Calhoun Parkway,30158,30166.0
417,N01697,2013-10-12 09:54:00,2013-10-12 10:08:00,44.9485,-93.30520899999999,44.937816999999995,-93.320212,Lake Street & Knox Ave S,W 36th Street & W Calhoun Parkway,30158,30166.0
418,N01697,2013-10-10 11:16:00,2013-10-10 11:29:00,44.9485,-93.30520899999999,44.937816999999995,-93.320212,Lake Street & Knox Ave S,W 36th Street & W Calhoun Parkway,30158,30166.0
419,N01697,2013-10-09 10:43:00,2013-10-09 10:58:00,44.9485,-93.30520899999999,44.937816999999995,-93.320212,Lake Street & Knox Ave S,W 36th Street & W Calhoun Parkway,30158,30166.0
420,N01697,2013-10-08 15:26:00,2013-10-08 15:41:00,44.9485,-93.30520899999999,44.937816999999995,-93.320212,Lake Street & Knox Ave S,W 36th Street & W Calhoun Parkway,30158,30166.0
421,N01697,2013-10-08 10:53:00,2013-10-08 11:08:00,44.9485,-93.30520899999999,44.937816999999995,-93.320212,Lake Street & Knox Ave S,W 36th Street & W Calhoun Parkway,30158,30166.0
422,N01697,2013-10-08 09:49:00,2013-10-08 10:03:00,44.9485,-93.30520899999999,44.937816999999995,-93.320212,Lake Street & Knox Ave S,W 36th Street & W Calhoun Parkway,30158,30166.0
423,N01697,2013-10-07 15:03:00,2013-10-07 15:17:00,44.9485,-93.30520899999999,44.937816999999995,-93.320212,Lake Street & Knox Ave S,W 36th Street & W Calhoun Parkway,30158,30166.0
424,N01697,2013-10-06 10:12:00,2013-10-06 10:26:00,44.9485,-93.30520899999999,44.937816999999995,-93.320212,Lake Street & Knox Ave S,W 36th Street & W Calhoun Parkway,30158,30166.0
425,N01697,2013-10-05 13:05:00,2013-10-05 13:19:00,44.9485,-93.30520899999999,44.937816999999995,-93.320212,Lake Street & Knox Ave S,W 36th Street & W Calhoun Parkway,30158,30166.0
426,N01697,2013-10-04 12:59:00,2013-10-04 13:12:00,44.9485,-93.30520899999999,44.937816999999995,-93.320212,Lake Street & Knox Ave S,W 36th Street & W Calhoun Parkway,30158,30166.0
427,N01697,2013-10-03 13:02:00,2013-10-03 13:16:00,44.9485,-93.30520899999999,44.937816999999995,-93.320212,Lake Street & Knox Ave S,W 36th Street & W Calhoun Parkway,30158,30166.0
428,N01697,2013-10-03 09:39:00,2013-10-03 09:54:00,44.9485,-93.30520899999999,44.937816999999995,-93.320212,Lake Street & Knox Ave S,W 36th Street & W Calhoun Parkway,30158,30166.0
429,N01697,2013-10-03 08:32:00,2013-10-03 08:47:00,44.9485,-93.30520899999999,44.937816999999995,-93.320212,Lake Street & Knox Ave S,W 36th Street & W Calhoun Parkway,30158,30166.0
430,N01697,2013-10-02 11:11:00,2013-10-02 11:26:00,44.9485,-93.30520899999999,44.937816999999995,-93.320212,Lake Street & Knox Ave S,W 36th Street & W Calhoun Parkway,30158,30166.0
431,N01697,2013-09-30 13:09:00,2013-09-30 13:24:00,44.9485,-93.30520899999999,44.937816999999995,-93.320212,Lake Street & Knox Ave S,W 36th Street & W Calhoun Parkway,30158,30166.0
432,N01697,2013-09-30 12:44:00,2013-09-30 12:58:00,44.9485,-93.30520899999999,44.937816999999995,-93.320212,Lake Street & Knox Ave S,W 36th Street & W Calhoun Parkway,30158,30166.0
433,N01697,2013-09-30 10:57:00,2013-09-30 11:11:00,44.9485,-93.30520899999999,44.937816999999995,-93.320212,Lake Street & Knox Ave S,W 36th Street & W Calhoun Parkway,30158,30166.0
434,N01697,2013-09-30 10:27:00,2013-09-30 10:41:00,44.9485,-93.30520899999999,44.937816999999995,-93.320212,Lake Street & Knox Ave S,W 36th Street & W Calhoun Parkway,30158,30166.0
435,N01697,2013-07-16 07:52:00,2013-07-16 08:06:00,44.9485,-93.30520899999999,44.937816999999995,-93.320212,Lake Street & Knox Ave S,W 36th Street & W Calhoun Parkway,30158,30166.0
436,N01697,2013-07-28 14:32:00,2013-07-28 14:34:00,44.97534,-93.27869,44.975504,-93.275513,11th Street & Hennepin,LaSalle Ave & 9th Street S,30004,30167.0
437,N01697,2013-07-17 10:00:00,2013-07-17 10:15:00,44.959629,-93.294317,44.975504,-93.275513,Emerson Ave. S & 24th Street,LaSalle Ave & 9th Street S,30061,30167.0
438,N01697,2013-06-23 23:32:00,2013-06-24 00:01:00,44.988890000000005,-93.25392,45.006229,-93.271571,Hennepin & Central Avenue NE,Marshall Street NE & 18th Ave NE,30005,30169.0
439,N01697,2013-07-28 15:59:00,2013-07-28 16:04:00,44.999894,-93.26295999999999,45.006229,-93.271571,University Ave. NE & 12th Ave. NE,Marshall Street NE & 18th Ave NE,30096,30169.0
